real_name,hds,zta
0,simu_swp_realname_0.hds,simu_swp_realname_0.zta
1,simu_swp_realname_1.hds,simu_swp_realname_1.zta
2,simu_swp_realname_2.hds,simu_swp_realname_2.zta
3,simu_swp_realname_3.hds,simu_swp_realname_3.zta
4,simu_swp_realname_4.hds,simu_swp_realname_4.zta
5,simu_swp_realname_5.hds,simu_swp_realname_5.zta
6,simu_swp_realname_6.hds,simu_swp_realname_6.zta
7,simu_swp_realname_7.hds,simu_swp_realname_7.zta
8,simu_swp_realname_8.hds,simu_swp_realname_8.zta
9,simu_swp_realname_9.hds,simu_swp_realname_9.zta
10,simu_swp_realname_10.hds,simu_swp_realname_10.zta
11,simu_swp_realname_11.hds,simu_swp_realname_11.zta
12,simu_swp_realname_12.hds,simu_swp_realname_12.zta
13,simu_swp_realname_13.hds,simu_swp_realname_13.zta
14,simu_swp_realname_14.hds,simu_swp_realname_14.zta
17,simu_swp_realname_17.hds,simu_swp_realname_17.zta
18,simu_swp_realname_18.hds,simu_swp_realname_18.zta
19,simu_swp_realname_19.hds,simu_swp_realname_19.zta
21,simu_swp_realname_21.hds,simu_swp_realname_21.zta
22,simu_swp_realname_22.hds,simu_swp_realname_22.zta
23,simu_swp_realname_23.hds,simu_swp_realname_23.zta
25,simu_swp_realname_25.hds,simu_swp_realname_25.zta
26,simu_swp_realname_26.hds,simu_swp_realname_26.zta
27,simu_swp_realname_27.hds,simu_swp_realname_27.zta
28,simu_swp_realname_28.hds,simu_swp_realname_28.zta
29,simu_swp_realname_29.hds,simu_swp_realname_29.zta
30,simu_swp_realname_30.hds,simu_swp_realname_30.zta
31,simu_swp_realname_31.hds,simu_swp_realname_31.zta
32,simu_swp_realname_32.hds,simu_swp_realname_32.zta
33,simu_swp_realname_33.hds,simu_swp_realname_33.zta
34,simu_swp_realname_34.hds,simu_swp_realname_34.zta
35,simu_swp_realname_35.hds,simu_swp_realname_35.zta
36,simu_swp_realname_36.hds,simu_swp_realname_36.zta
37,simu_swp_realname_37.hds,simu_swp_realname_37.zta
38,simu_swp_realname_38.hds,simu_swp_realname_38.zta
39,simu_swp_realname_39.hds,simu_swp_realname_39.zta
40,simu_swp_realname_40.hds,simu_swp_realname_40.zta
41,simu_swp_realname_41.hds,simu_swp_realname_41.zta
43,simu_swp_realname_43.hds,simu_swp_realname_43.zta
44,simu_swp_realname_44.hds,simu_swp_realname_44.zta
46,simu_swp_realname_46.hds,simu_swp_realname_46.zta
48,simu_swp_realname_48.hds,simu_swp_realname_48.zta
51,simu_swp_realname_51.hds,simu_swp_realname_51.zta
52,simu_swp_realname_52.hds,simu_swp_realname_52.zta
53,simu_swp_realname_53.hds,simu_swp_realname_53.zta
54,simu_swp_realname_54.hds,simu_swp_realname_54.zta
55,simu_swp_realname_55.hds,simu_swp_realname_55.zta
56,simu_swp_realname_56.hds,simu_swp_realname_56.zta
57,simu_swp_realname_57.hds,simu_swp_realname_57.zta
58,simu_swp_realname_58.hds,simu_swp_realname_58.zta
60,simu_swp_realname_60.hds,simu_swp_realname_60.zta
61,simu_swp_realname_61.hds,simu_swp_realname_61.zta
62,simu_swp_realname_62.hds,simu_swp_realname_62.zta
63,simu_swp_realname_63.hds,simu_swp_realname_63.zta
64,simu_swp_realname_64.hds,simu_swp_realname_64.zta
65,simu_swp_realname_65.hds,simu_swp_realname_65.zta
66,simu_swp_realname_66.hds,simu_swp_realname_66.zta
67,simu_swp_realname_67.hds,simu_swp_realname_67.zta
69,simu_swp_realname_69.hds,simu_swp_realname_69.zta
71,simu_swp_realname_71.hds,simu_swp_realname_71.zta
72,simu_swp_realname_72.hds,simu_swp_realname_72.zta
73,simu_swp_realname_73.hds,simu_swp_realname_73.zta
74,simu_swp_realname_74.hds,simu_swp_realname_74.zta
76,simu_swp_realname_76.hds,simu_swp_realname_76.zta
77,simu_swp_realname_77.hds,simu_swp_realname_77.zta
78,simu_swp_realname_78.hds,simu_swp_realname_78.zta
79,simu_swp_realname_79.hds,simu_swp_realname_79.zta
80,simu_swp_realname_80.hds,simu_swp_realname_80.zta
81,simu_swp_realname_81.hds,simu_swp_realname_81.zta
82,simu_swp_realname_82.hds,simu_swp_realname_82.zta
84,simu_swp_realname_84.hds,simu_swp_realname_84.zta
85,simu_swp_realname_85.hds,simu_swp_realname_85.zta
86,simu_swp_realname_86.hds,simu_swp_realname_86.zta
87,simu_swp_realname_87.hds,simu_swp_realname_87.zta
88,simu_swp_realname_88.hds,simu_swp_realname_88.zta
89,simu_swp_realname_89.hds,simu_swp_realname_89.zta
90,simu_swp_realname_90.hds,simu_swp_realname_90.zta
91,simu_swp_realname_91.hds,simu_swp_realname_91.zta
92,simu_swp_realname_92.hds,simu_swp_realname_92.zta
93,simu_swp_realname_93.hds,simu_swp_realname_93.zta
94,simu_swp_realname_94.hds,simu_swp_realname_94.zta
95,simu_swp_realname_95.hds,simu_swp_realname_95.zta
96,simu_swp_realname_96.hds,simu_swp_realname_96.zta
97,simu_swp_realname_97.hds,simu_swp_realname_97.zta
98,simu_swp_realname_98.hds,simu_swp_realname_98.zta
99,simu_swp_realname_99.hds,simu_swp_realname_99.zta
100,simu_swp_realname_100.hds,simu_swp_realname_100.zta
101,simu_swp_realname_101.hds,simu_swp_realname_101.zta
102,simu_swp_realname_102.hds,simu_swp_realname_102.zta
104,simu_swp_realname_104.hds,simu_swp_realname_104.zta
106,simu_swp_realname_106.hds,simu_swp_realname_106.zta
107,simu_swp_realname_107.hds,simu_swp_realname_107.zta
108,simu_swp_realname_108.hds,simu_swp_realname_108.zta
109,simu_swp_realname_109.hds,simu_swp_realname_109.zta
110,simu_swp_realname_110.hds,simu_swp_realname_110.zta
111,simu_swp_realname_111.hds,simu_swp_realname_111.zta
112,simu_swp_realname_112.hds,simu_swp_realname_112.zta
113,simu_swp_realname_113.hds,simu_swp_realname_113.zta
114,simu_swp_realname_114.hds,simu_swp_realname_114.zta
115,simu_swp_realname_115.hds,simu_swp_realname_115.zta
116,simu_swp_realname_116.hds,simu_swp_realname_116.zta
118,simu_swp_realname_118.hds,simu_swp_realname_118.zta
119,simu_swp_realname_119.hds,simu_swp_realname_119.zta
120,simu_swp_realname_120.hds,simu_swp_realname_120.zta
122,simu_swp_realname_122.hds,simu_swp_realname_122.zta
123,simu_swp_realname_123.hds,simu_swp_realname_123.zta
124,simu_swp_realname_124.hds,simu_swp_realname_124.zta
125,simu_swp_realname_125.hds,simu_swp_realname_125.zta
127,simu_swp_realname_127.hds,simu_swp_realname_127.zta
128,simu_swp_realname_128.hds,simu_swp_realname_128.zta
129,simu_swp_realname_129.hds,simu_swp_realname_129.zta
130,simu_swp_realname_130.hds,simu_swp_realname_130.zta
131,simu_swp_realname_131.hds,simu_swp_realname_131.zta
132,simu_swp_realname_132.hds,simu_swp_realname_132.zta
133,simu_swp_realname_133.hds,simu_swp_realname_133.zta
134,simu_swp_realname_134.hds,simu_swp_realname_134.zta
135,simu_swp_realname_135.hds,simu_swp_realname_135.zta
136,simu_swp_realname_136.hds,simu_swp_realname_136.zta
137,simu_swp_realname_137.hds,simu_swp_realname_137.zta
139,simu_swp_realname_139.hds,simu_swp_realname_139.zta
140,simu_swp_realname_140.hds,simu_swp_realname_140.zta
141,simu_swp_realname_141.hds,simu_swp_realname_141.zta
142,simu_swp_realname_142.hds,simu_swp_realname_142.zta
143,simu_swp_realname_143.hds,simu_swp_realname_143.zta
145,simu_swp_realname_145.hds,simu_swp_realname_145.zta
146,simu_swp_realname_146.hds,simu_swp_realname_146.zta
147,simu_swp_realname_147.hds,simu_swp_realname_147.zta
148,simu_swp_realname_148.hds,simu_swp_realname_148.zta
149,simu_swp_realname_149.hds,simu_swp_realname_149.zta
150,simu_swp_realname_150.hds,simu_swp_realname_150.zta
151,simu_swp_realname_151.hds,simu_swp_realname_151.zta
152,simu_swp_realname_152.hds,simu_swp_realname_152.zta
153,simu_swp_realname_153.hds,simu_swp_realname_153.zta
154,simu_swp_realname_154.hds,simu_swp_realname_154.zta
155,simu_swp_realname_155.hds,simu_swp_realname_155.zta
156,simu_swp_realname_156.hds,simu_swp_realname_156.zta
157,simu_swp_realname_157.hds,simu_swp_realname_157.zta
158,simu_swp_realname_158.hds,simu_swp_realname_158.zta
159,simu_swp_realname_159.hds,simu_swp_realname_159.zta
162,simu_swp_realname_162.hds,simu_swp_realname_162.zta
164,simu_swp_realname_164.hds,simu_swp_realname_164.zta
165,simu_swp_realname_165.hds,simu_swp_realname_165.zta
166,simu_swp_realname_166.hds,simu_swp_realname_166.zta
167,simu_swp_realname_167.hds,simu_swp_realname_167.zta
168,simu_swp_realname_168.hds,simu_swp_realname_168.zta
169,simu_swp_realname_169.hds,simu_swp_realname_169.zta
170,simu_swp_realname_170.hds,simu_swp_realname_170.zta
171,simu_swp_realname_171.hds,simu_swp_realname_171.zta
172,simu_swp_realname_172.hds,simu_swp_realname_172.zta
173,simu_swp_realname_173.hds,simu_swp_realname_173.zta
174,simu_swp_realname_174.hds,simu_swp_realname_174.zta
175,simu_swp_realname_175.hds,simu_swp_realname_175.zta
176,simu_swp_realname_176.hds,simu_swp_realname_176.zta
177,simu_swp_realname_177.hds,simu_swp_realname_177.zta
178,simu_swp_realname_178.hds,simu_swp_realname_178.zta
179,simu_swp_realname_179.hds,simu_swp_realname_179.zta
180,simu_swp_realname_180.hds,simu_swp_realname_180.zta
181,simu_swp_realname_181.hds,simu_swp_realname_181.zta
184,simu_swp_realname_184.hds,simu_swp_realname_184.zta
185,simu_swp_realname_185.hds,simu_swp_realname_185.zta
186,simu_swp_realname_186.hds,simu_swp_realname_186.zta
187,simu_swp_realname_187.hds,simu_swp_realname_187.zta
188,simu_swp_realname_188.hds,simu_swp_realname_188.zta
189,simu_swp_realname_189.hds,simu_swp_realname_189.zta
190,simu_swp_realname_190.hds,simu_swp_realname_190.zta
192,simu_swp_realname_192.hds,simu_swp_realname_192.zta
193,simu_swp_realname_193.hds,simu_swp_realname_193.zta
194,simu_swp_realname_194.hds,simu_swp_realname_194.zta
195,simu_swp_realname_195.hds,simu_swp_realname_195.zta
196,simu_swp_realname_196.hds,simu_swp_realname_196.zta
197,simu_swp_realname_197.hds,simu_swp_realname_197.zta
198,simu_swp_realname_198.hds,simu_swp_realname_198.zta
base,simu_swp_realname_base.hds,simu_swp_realname_base.zta
